Codigo_idade,Idade,Populacao_2022,Codigo_municipio,Municipio
100362,Total,165655,3548807,São Caetano do Sul (SP)
93070,0 a 4 anos,7320,3548807,São Caetano do Sul (SP)
6557,Menos de 1 ano,1219,3548807,São Caetano do Sul (SP)
93071,Menos de 1 mês,104,3548807,São Caetano do Sul (SP)
93072,1 mês,111,3548807,São Caetano do Sul (SP)
93073,2 meses,100,3548807,São Caetano do Sul (SP)
93074,3 meses,94,3548807,São Caetano do Sul (SP)
93075,4 meses,111,3548807,São Caetano do Sul (SP)
93076,5 meses,80,3548807,São Caetano do Sul (SP)
93077,6 meses,116,3548807,São Caetano do Sul (SP)
93078,7 meses,97,3548807,São Caetano do Sul (SP)
93079,8 meses,106,3548807,São Caetano do Sul (SP)
93080,9 meses,101,3548807,São Caetano do Sul (SP)
93081,10 meses,89,3548807,São Caetano do Sul (SP)
93082,11 meses,110,3548807,São Caetano do Sul (SP)
6558,1 ano,1282,3548807,São Caetano do Sul (SP)
6559,2 anos,1443,3548807,São Caetano do Sul (SP)
6560,3 anos,1622,3548807,São Caetano do Sul (SP)
6561,4 anos,1754,3548807,São Caetano do Sul (SP)
93084,5 a 9 anos,8993,3548807,São Caetano do Sul (SP)
6562,5 anos,1669,3548807,São Caetano do Sul (SP)
6563,6 anos,1801,3548807,São Caetano do Sul (SP)
6564,7 anos,1873,3548807,São Caetano do Sul (SP)
6565,8 anos,1815,3548807,São Caetano do Sul (SP)
6566,9 anos,1835,3548807,São Caetano do Sul (SP)
93085,10 a 14 anos,9026,3548807,São Caetano do Sul (SP)
6567,10 anos,1828,3548807,São Caetano do Sul (SP)
6568,11 anos,1824,3548807,São Caetano do Sul (SP)
6569,12 anos,1803,3548807,São Caetano do Sul (SP)
6570,13 anos,1829,3548807,São Caetano do Sul (SP)
6571,14 anos,1742,3548807,São Caetano do Sul (SP)
93086,15 a 19 anos,8912,3548807,São Caetano do Sul (SP)
6572,15 anos,1803,3548807,São Caetano do Sul (SP)
6573,16 anos,1831,3548807,São Caetano do Sul (SP)
6574,17 anos,1781,3548807,São Caetano do Sul (SP)
6575,18 anos,1769,3548807,São Caetano do Sul (SP)
6576,19 anos,1728,3548807,São Caetano do Sul (SP)
93087,20 a 24 anos,9049,3548807,São Caetano do Sul (SP)
6577,20 anos,1641,3548807,São Caetano do Sul (SP)
6578,21 anos,1799,3548807,São Caetano do Sul (SP)
6579,22 anos,1905,3548807,São Caetano do Sul (SP)
6580,23 anos,1846,3548807,São Caetano do Sul (SP)
6581,24 anos,1858,3548807,São Caetano do Sul (SP)
93088,25 a 29 anos,9124,3548807,São Caetano do Sul (SP)
6582,25 anos,1886,3548807,São Caetano do Sul (SP)
6656,26 anos,1846,3548807,São Caetano do Sul (SP)
6657,27 anos,1821,3548807,São Caetano do Sul (SP)
6658,28 anos,1782,3548807,São Caetano do Sul (SP)
6659,29 anos,1789,3548807,São Caetano do Sul (SP)
93089,30 a 34 anos,10409,3548807,São Caetano do Sul (SP)
6583,30 anos,1955,3548807,São Caetano do Sul (SP)
6584,31 anos,1937,3548807,São Caetano do Sul (SP)
6585,32 anos,2039,3548807,São Caetano do Sul (SP)
6586,33 anos,2245,3548807,São Caetano do Sul (SP)
6587,34 anos,2233,3548807,São Caetano do Sul (SP)
93090,35 a 39 anos,13374,3548807,São Caetano do Sul (SP)
6588,35 anos,2506,3548807,São Caetano do Sul (SP)
6589,36 anos,2605,3548807,São Caetano do Sul (SP)
6590,37 anos,2596,3548807,São Caetano do Sul (SP)
6591,38 anos,2714,3548807,São Caetano do Sul (SP)
6592,39 anos,2953,3548807,São Caetano do Sul (SP)
93091,40 a 44 anos,14614,3548807,São Caetano do Sul (SP)
6593,40 anos,3125,3548807,São Caetano do Sul (SP)
6594,41 anos,2929,3548807,São Caetano do Sul (SP)
6595,42 anos,3032,3548807,São Caetano do Sul (SP)
6596,43 anos,2807,3548807,São Caetano do Sul (SP)
6597,44 anos,2721,3548807,São Caetano do Sul (SP)
93092,45 a 49 anos,12240,3548807,São Caetano do Sul (SP)
6598,45 anos,2626,3548807,São Caetano do Sul (SP)
6599,46 anos,2479,3548807,São Caetano do Sul (SP)
6600,47 anos,2485,3548807,São Caetano do Sul (SP)
6601,48 anos,2324,3548807,São Caetano do Sul (SP)
6602,49 anos,2326,3548807,São Caetano do Sul (SP)
93093,50 a 54 anos,11003,3548807,São Caetano do Sul (SP)
6603,50 anos,2403,3548807,São Caetano do Sul (SP)
6604,51 anos,2232,3548807,São Caetano do Sul (SP)
6605,52 anos,2192,3548807,São Caetano do Sul (SP)
6606,53 anos,2062,3548807,São Caetano do Sul (SP)
6607,54 anos,2114,3548807,São Caetano do Sul (SP)
93094,55 a 59 anos,11364,3548807,São Caetano do Sul (SP)
6608,55 anos,2263,3548807,São Caetano do Sul (SP)
6609,56 anos,2070,3548807,São Caetano do Sul (SP)
6610,57 anos,2326,3548807,São Caetano do Sul (SP)
6611,58 anos,2381,3548807,São Caetano do Sul (SP)
6612,59 anos,2324,3548807,São Caetano do Sul (SP)
93095,60 a 64 anos,10572,3548807,São Caetano do Sul (SP)
6613,60 anos,2279,3548807,São Caetano do Sul (SP)
6614,61 anos,2179,3548807,São Caetano do Sul (SP)
6615,62 anos,2174,3548807,São Caetano do Sul (SP)
6616,63 anos,2011,3548807,São Caetano do Sul (SP)
6617,64 anos,1929,3548807,São Caetano do Sul (SP)
93096,65 a 69 anos,9253,3548807,São Caetano do Sul (SP)
6618,65 anos,2003,3548807,São Caetano do Sul (SP)
6619,66 anos,1952,3548807,São Caetano do Sul (SP)
6620,67 anos,1891,3548807,São Caetano do Sul (SP)
6621,68 anos,1697,3548807,São Caetano do Sul (SP)
6622,69 anos,1710,3548807,São Caetano do Sul (SP)
93097,70 a 74 anos,7462,3548807,São Caetano do Sul (SP)
6623,70 anos,1659,3548807,São Caetano do Sul (SP)
6624,71 anos,1515,3548807,São Caetano do Sul (SP)
6625,72 anos,1543,3548807,São Caetano do Sul (SP)
6626,73 anos,1378,3548807,São Caetano do Sul (SP)
6627,74 anos,1367,3548807,São Caetano do Sul (SP)
93098,75 a 79 anos,5284,3548807,São Caetano do Sul (SP)
6628,75 anos,1265,3548807,São Caetano do Sul (SP)
6629,76 anos,1135,3548807,São Caetano do Sul (SP)
6630,77 anos,1043,3548807,São Caetano do Sul (SP)
6631,78 anos,967,3548807,São Caetano do Sul (SP)
6632,79 anos,874,3548807,São Caetano do Sul (SP)
49108,80 a 84 anos,3852,3548807,São Caetano do Sul (SP)
6633,80 anos,893,3548807,São Caetano do Sul (SP)
6634,81 anos,801,3548807,São Caetano do Sul (SP)
6635,82 anos,774,3548807,São Caetano do Sul (SP)
6636,83 anos,711,3548807,São Caetano do Sul (SP)
6637,84 anos,673,3548807,São Caetano do Sul (SP)
49109,85 a 89 anos,2308,3548807,São Caetano do Sul (SP)
6638,85 anos,609,3548807,São Caetano do Sul (SP)
6639,86 anos,528,3548807,São Caetano do Sul (SP)
6640,87 anos,478,3548807,São Caetano do Sul (SP)
6641,88 anos,383,3548807,São Caetano do Sul (SP)
6642,89 anos,310,3548807,São Caetano do Sul (SP)
60040,90 a 94 anos,1145,3548807,São Caetano do Sul (SP)
6643,90 anos,319,3548807,São Caetano do Sul (SP)
6644,91 anos,276,3548807,São Caetano do Sul (SP)
6645,92 anos,227,3548807,São Caetano do Sul (SP)
6646,93 anos,180,3548807,São Caetano do Sul (SP)
6647,94 anos,143,3548807,São Caetano do Sul (SP)
60041,95 a 99 anos,312,3548807,São Caetano do Sul (SP)
6648,95 anos,103,3548807,São Caetano do Sul (SP)
6649,96 anos,85,3548807,São Caetano do Sul (SP)
6650,97 anos,70,3548807,São Caetano do Sul (SP)
6651,98 anos,31,3548807,São Caetano do Sul (SP)
6652,99 anos,23,3548807,São Caetano do Sul (SP)
6653,100 anos ou mais,39,3548807,São Caetano do Sul (SP)
