faixa_etaria,qtd_amostra,municipio
menos_de_1_mes,104,SCS-SP
1_mes,111,SCS-SP
2_mes,100,SCS-SP
3_mes,94,SCS-SP
4_mes,111,SCS-SP
5_mes,80,SCS-SP
6_mes,116,SCS-SP
7_mes,97,SCS-SP
8_mes,106,SCS-SP
9_mes,101,SCS-SP
10_mes,89,SCS-SP
11_mes,110,SCS-SP
1_ano,1282,SCS-SP
2_ano,1443,SCS-SP
3_ano,1622,SCS-SP
4_ano,1754,SCS-SP
5_ano,1669,SCS-SP
6_ano,1801,SCS-SP
7_ano,1873,SCS-SP
8_ano,1815,SCS-SP
9_ano,1835,SCS-SP
10_ano,1828,SCS-SP
11_ano,1824,SCS-SP
12_ano,1803,SCS-SP
13_ano,1829,SCS-SP
14_ano,1742,SCS-SP
15_ano,1803,SCS-SP
16_ano,1831,SCS-SP
17_ano,1781,SCS-SP
18_ano,1769,SCS-SP
19_ano,1728,SCS-SP
20_ano,1641,SCS-SP
21_ano,1799,SCS-SP
22_ano,1905,SCS-SP
23_ano,1846,SCS-SP
24_ano,1858,SCS-SP
25_ano,1886,SCS-SP
26_ano,1846,SCS-SP
27_ano,1821,SCS-SP
28_ano,1782,SCS-SP
29_ano,1789,SCS-SP
30_ano,1955,SCS-SP
31_ano,1937,SCS-SP
32_ano,2039,SCS-SP
33_ano,2245,SCS-SP
34_ano,2233,SCS-SP
35_ano,2506,SCS-SP
36_ano,2605,SCS-SP
37_ano,2596,SCS-SP
38_ano,2714,SCS-SP
39_ano,2953,SCS-SP
40_ano,3125,SCS-SP
41_ano,2929,SCS-SP
42_ano,3032,SCS-SP
43_ano,2807,SCS-SP
44_ano,2721,SCS-SP
45_ano,2626,SCS-SP
46_ano,2479,SCS-SP
47_ano,2485,SCS-SP
48_ano,2324,SCS-SP
49_ano,2326,SCS-SP
50_ano,2403,SCS-SP
51_ano,2232,SCS-SP
52_ano,2192,SCS-SP
53_ano,2062,SCS-SP
54_ano,2114,SCS-SP
55_ano,2263,SCS-SP
56_ano,2070,SCS-SP
57_ano,2326,SCS-SP
58_ano,2381,SCS-SP
59_ano,2324,SCS-SP
60_ano,2279,SCS-SP
61_ano,2179,SCS-SP
62_ano,2174,SCS-SP
63_ano,2011,SCS-SP
64_ano,1929,SCS-SP
65_ano,2003,SCS-SP
66_ano,1952,SCS-SP
67_ano,1891,SCS-SP
68_ano,1697,SCS-SP
69_ano,1710,SCS-SP
70_ano,1659,SCS-SP
71_ano,1515,SCS-SP
72_ano,1543,SCS-SP
73_ano,1378,SCS-SP
74_ano,1367,SCS-SP
75_ano,1265,SCS-SP
76_ano,1135,SCS-SP
77_ano,1043,SCS-SP
78_ano,967,SCS-SP
79_ano,874,SCS-SP
80_ano,893,SCS-SP
81_ano,801,SCS-SP
82_ano,774,SCS-SP
83_ano,711,SCS-SP
84_ano,673,SCS-SP
85_ano,609,SCS-SP
86_ano,528,SCS-SP
87_ano,478,SCS-SP
88_ano,383,SCS-SP
89_ano,310,SCS-SP
90_ano,319,SCS-SP
91_ano,276,SCS-SP
92_ano,227,SCS-SP
93_ano,180,SCS-SP
94_ano,143,SCS-SP
95_ano,103,SCS-SP
96_ano,85,SCS-SP
97_ano,70,SCS-SP
98_ano,31,SCS-SP
99_ano,23,SCS-SP
100_ano_ou_mais,39,SCS-SP
